{
    "1": [
        0.883112907409668,
        0.3066573143005371,
        0.38713932037353516
    ],
    "2": [
        0.3714921474456787,
        0.12424540519714355,
        0.6301052570343018
    ],
    "3": [
        0.37111544609069824,
        0.15861296653747559,
        0.9517216682434082
    ],
    "4": [
        0.3702230453491211,
        0.12340736389160156,
        1.2918150424957275
    ],
    "5": [
        0.359982967376709,
        0.1238398551940918,
        1.6086657047271729
    ],
    "6": [
        0.3667147159576416,
        0.12559103965759277,
        2.008702516555786
    ],
    "7": [
        0.36309313774108887,
        0.12348175048828125,
        2.304002523422241
    ],
    "8": [
        0.36115550994873047,
        0.12347006797790527,
        2.7565042972564697
    ],
    "9": [
        0.36415696144104004,
        0.16944193840026855,
        3.0591630935668945
    ],
    "10": [
        0.3675539493560791,
        0.14965486526489258,
        3.4166433811187744
    ],
    "11": [
        0.3718874454498291,
        0.1672649383544922,
        3.8567392826080322
    ],
    "12": [
        0.38053154945373535,
        0.29909563064575195,
        4.1079864501953125
    ],
    "13": [
        0.37719058990478516,
        0.19480657577514648,
        4.5482542514801025
    ],
    "14": [
        0.36987900733947754,
        0.20221185684204102,
        4.877254247665405
    ],
    "15": [
        0.3843104839324951,
        0.2214207649230957,
        5.208537340164185
    ],
    "16": [
        0.3767125606536865,
        0.23236727714538574,
        5.6046552658081055
    ],
    "17": [
        0.37764525413513184,
        0.2463362216949463,
        5.972699165344238
    ],
    "18": [
        0.37810420989990234,
        0.25810837745666504,
        6.3778135776519775
    ],
    "19": [
        0.3793604373931885,
        0.27888965606689453,
        6.671172857284546
    ],
    "20": [
        0.38387608528137207,
        0.2924168109893799,
        7.037623167037964
    ],
    "21": [
        0.384829044342041,
        0.2986762523651123,
        7.493902921676636
    ],
    "22": [
        0.41550135612487793,
        0.31974339485168457,
        7.689136505126953
    ],
    "23": [
        0.42808055877685547,
        0.3292407989501953,
        8.017477750778198
    ],
    "24": [
        0.40528059005737305,
        0.33795928955078125,
        8.46652364730835
    ],
    "25": [
        0.41139912605285645,
        0.3509035110473633,
        8.750320672988892
    ],
    "26": [
        0.4125328063964844,
        0.37100887298583984,
        9.09951138496399
    ],
    "27": [
        0.40829944610595703,
        0.38495659828186035,
        9.48613166809082
    ],
    "28": [
        0.4088435173034668,
        0.39250826835632324,
        9.665552854537964
    ],
    "29": [
        0.33118653297424316,
        0.4197375774383545,
        10.21222734451294
    ],
    "30": [
        0.4225280284881592,
        0.4271419048309326,
        10.38111662864685
    ],
    "31": [
        0.34421205520629883,
        0.4427454471588135,
        10.806374311447144
    ],
    "32": [
        0.4213857650756836,
        0.45484185218811035,
        11.109593152999878
    ]
}